generation	variant	commit	status	lines	classes	methods	gini	population	trade_price	trade_volume	survival	wealth_cv	entropy	passes	description
1	1	2571358	fail	139	2	17	0.3237	65	0.9671	5370	0.3250	0.5654	3.0843	FAIL	Merged `SugarscapeGrid` into `SugarscapeModel` to reduce class overhead.
1	2	2571358	fail	113	2	12	0.3237	65	0.9671	5370	0.3250	0.5654	3.0843	FAIL	Removed `Trader` helper methods and inlined calculations into `SugarscapeModel`.
1	3	2571358	fail	97	2	11	0.3237	65	0.9671	5370	0.3250	0.5654	3.0843	FAIL	Extreme ablation: inlined agent actions into the main step loop and simplified the trade logic structure.
2	1	2571358	fail	150	3	24	0.3237	65	0.9671	5370	0.3250	0.5654	3.0843	FAIL	Simplified the `SugarscapeGrid` by replacing the 2D list occupancy grid with a dictionary-based occupancy mapping, which reduces the complexity of agent placement and movement methods.
2	2	2571358	fail	140	3	23	0.3237	65	0.9671	5370	0.3250	0.5654	3.0843	FAIL	Inlined the trivial `_agent_eat` and `_agent_maybe_die` methods directly into the main `step` loop to reduce method count and overhead.
2	3	2571358	fail	115	3	23	0.3237	65	0.9671	5370	0.3250	0.5654	3.0843	FAIL	Consolidated the `_agent_move`, `_agent_eat`, and `_agent_maybe_die` logic into a single `_agent_update` method, reducing the method count and streamlining the agent's turn logic.
3	1	2571358	fail	154	3	22	0.3237	65	0.9671	5370	0.3250	0.5654	3.0843	FAIL	Simplified the `Trader` class by removing its helper methods (`calculate_welfare`, `calculate_MRS`, and `is_starved`) and inlining their logic directly into the `SugarscapeModel` methods.
3	2	2571358	fail	112	2	15	0.3237	65	0.9671	5370	0.3250	0.5654	3.0843	FAIL	Merged the `SugarscapeGrid` class into `SugarscapeModel`, reducing the number of classes while maintaining the 2D list occupancy structure to preserve spatial logic.
3	3	2571358	fail	104	2	12	0.3237	65	0.9671	5370	0.3250	0.5654	3.0843	FAIL	Final ablation: Merged both `Trader` and `SugarscapeGrid` into `SugarscapeModel` and inlined all logic to achieve the absolute minimal class/method count.
4	1	2571358	fail	135	2	17	0.3237	65	0.9671	5370	0.3250	0.5654	3.0843	FAIL	Merged the `SugarscapeGrid` class into `SugarscapeModel` to reduce class overhead while preserving all spatial and resource logic.
4	2	2571358	fail	112	3	20	0.3237	65	0.9671	5370	0.3250	0.5654	3.0843	FAIL	Inlined `Trader` mathematical helper methods into the `SugarscapeModel` to reduce the method count.
4	3	2571358	fail	87	2	11	0.3222	64	-1.0000	0	0.3200	0.5659	2.9675	FAIL	Combined structural and functional ablation by merging `SugarscapeGrid` into `SugarscapeModel` and inlining `Trader` math.
5	1	2571358	fail	160	3	20	0.3237	65	0.9671	5370	0.3250	0.5654	3.0843	FAIL	Inlined `Trader` helper methods (`calculate_welfare`, `calculate_MRS`, `is_starved`) directly into the `SugarscapeModel` to reduce method count and class overhead.
5	2	2571358	fail	115	2	12	0.3237	65	0.9671	5370	0.3250	0.5654	3.0843	FAIL	Merged the `SugarscapeGrid` class into `SugarscapeModel` to reduce the number of classes and streamline resource/occupancy management.
5	3	2571358	fail	94	2	10	0.3237	65	0.9671	5370	0.3250	0.5654	3.0843	FAIL	Aggressive structural ablation: merged both `Trader` and `SugarscapeGrid` into `SugarscapeModel` and inlined all mathematical helper methods.
6	1	2571358	fail	127	2	17	0.3237	65	0.9666	556842	0.3250	0.5654	3.0843	FAIL	Merged `SugarscapeGrid` into `SugarscapeModel` to reduce class count while maintaining the 2D occupancy and resource arrays.
6	2	2571358	pass	130	3	14	0.3390	67	0.9650	5995	0.3367	0.5937	2.9967	PASS	Inlined `Trader` mathematical helper methods (`calculate_welfare`, `calculate_MRS`, `is_starved`) into the `SugarscapeModel` to reduce method count while keeping the `Trader` and `Grid` classes intact.
6	3	2571358	fail	113	2	12	0.3390	67	0.9529	628303	0.3367	0.5937	2.9967	FAIL	Performs aggressive structural ablation by merging `SugarscapeGrid` into `SugarscapeModel`, inlining `Trader` math, and consolidating the agent's move-eat-die lifecycle into a single `_agent_update` method.
7	1	2571358	pass	117	3	12	0.3390	67	0.9650	5995	0.3367	0.5937	2.9967	PASS	Inlined `_maybe_sell_spice` and `Trader` mathematical helper logic into `SugarscapeModel` to reduce method count.
7	2	2571358	pass	112	2	10	0.3390	67	0.9650	5995	0.3367	0.5937	2.9967	PASS	Merged `SugarscapeGrid` into `SugarscapeModel` to reduce class count.
7	3	2571358	pass	109	2	10	0.3390	67	0.9650	5995	0.3367	0.5937	2.9967	PASS	Merged `SugarscapeGrid` into `SugarscapeModel` and replaced the 2D list `occupancy` with a dictionary for more efficient/compact handling.
8	1	fb57b5c	fail	101	2	8	0.3502	70	0.9400	6552	0.3517	0.6141	3.0561	FAIL	Inlined `load_sugar_map` and compacted the `Trader` class and movement/trade logic to reduce line count and method overhead.
8	2	fb57b5c	fail	86	1	6	0.3502	70	0.9400	6552	0.3517	0.6141	3.0561	FAIL	Removed the `_trade` method and the `Trader` class, using `types.SimpleNamespace` for agents and inlining the trade logic into the main `step` loop to minimize method count.
8	3	fb57b5c	fail	73	1	6	0.3502	70	0.9400	6552	0.3517	0.6141	3.0561	FAIL	Extreme structural ablation: Merged the `Trader` class into a `SimpleNamespace` and reduced the entire model to a single class with minimal logic density.
9	1	fb57b5c	fail	101	2	8	0.3390	67	0.9529	628303	0.3367	0.5937	2.9967	FAIL	Inlined `load_sugar_map` and streamlined the `Trader` class and resource regrowth logic.
9	2	fb57b5c	fail	94	2	7	0.3390	67	0.9529	628303	0.3367	0.5937	2.9967	FAIL	Inlined `_trade` method using a stack to eliminate recursion and further compressed the `step` logic.
9	3	fb57b5c	fail	72	2	6	0.3533	68	0.9725	679810	0.3417	0.6194	3.1147	FAIL	Extreme compression of all logic, reducing the `Trader` to essential data and using compact loops for movement and trade.
10	1	fb57b5c	pass	93	2	8	0.3390	67	0.9650	5995	0.3367	0.5937	2.9967	PASS	Inlined `load_sugar_map` and compacted the `Trader` class and `_trade` logic.
10	2	fb57b5c	pass	93	2	7	0.3390	67	0.9650	5995	0.3367	0.5937	2.9967	PASS	Inlined the `_trade` method into the `step` loop using a `while` loop to maintain recursion logic.
10	3	fb57b5c	pass	93	2	7	0.3390	67	0.9650	5995	0.3367	0.5937	2.9967	PASS	Aggressive structural ablation: merged all logic into `step` and minimized the `Trader` class to essential data.
11	1	7f21358	fail	85	2	7	0.3678	67	0.9961	5674	0.3333	0.6498	2.9056	FAIL	Consolidated the agent lifecycle (movement, eating, and death) into a single loop and streamlined the `Trader` class initialization to reduce method and line count.
11	2	7f21358	fail	71	2	7	0.3678	67	0.9961	5674	0.3333	0.6498	2.9056	FAIL	Used a generator expression within `max()` to eliminate the intermediate `cands` list and more aggressively condensed the mathematical expressions.
11	3	7f21358	fail	59	2	7	0.3678	67	0.9961	5674	0.3333	0.6498	2.9056	FAIL	Achieved maximum density by flattening the `step` function and using single-line attribute assignments in the `Trader` class.
12	1	7f21358	fail	91	2	7	0.3408	66	0.9512	5962	0.3317	0.5977	2.9274	FAIL	Simplified the `Trader` class and optimized the movement candidate selection using list comprehensions.
12	2	7f21358	fail	87	2	7	0.3408	66	0.9512	5962	0.3317	0.5977	2.9274	FAIL	Consolidated the agent lifecycle (move, eat, die) and simplified the trade negotiation logic.
12	3	7f21358	fail	65	2	7	0.3408	66	0.9512	5962	0.3317	0.5977	2.9274	FAIL	Maximum structural ablation using the walrus operator to condense movement and trade logic into a minimal footprint.
13	1	7f21358	pass	92	2	7	0.3390	67	0.9650	5995	0.3367	0.5937	2.9967	PASS	Simplified the `Trader` class using `__slots__` and replaced the `unique_id` logic with `id(a)` to reduce attribute overhead.
13	2	7f21358	pass	90	2	7	0.3390	67	0.9650	5995	0.3367	0.5937	2.9967	PASS	Consolidated the agent's movement, eating, and death into a single loop to reduce redundant iterations over the agent list.
13	3	7f21358	pass	74	2	7	0.3390	67	0.9650	5995	0.3367	0.5937	2.9967	PASS	Achieved maximum structural density by combining the `Trader` class into a minimal data holder and streamlining the `step` function's resource regrowth and agent updates.
14	1	7f21358	fail	74	2	7	0.3390	67	-1.0000	0	0.3367	0.5937	2.9967	FAIL	Merged the agent lifecycle loop (movement, eating, death) with the metric collection loop to reduce iterations.
14	2	7f21358	crash	64	2	7	0.0000	0	0.0000	0	0.0000	0.0000	0.0000	FAIL	Optimized the `Trader` class using `__slots__` and condensed the resource regrowth and agent initialization logic.
14	3	7f21358	crash	60	2	7	0.0000	0	0.0000	0	0.0000	0.0000	0.0000	FAIL	Used the walrus operator and list comprehensions to achieve maximum algorithmic density in the movement and trade logic.
15	1	7f21358	pass	71	2	7	0.3390	67	0.9650	5995	0.3367	0.5937	2.9967	PASS	Simplified the `Trader` class using `__slots__` and integrated trade metric collection directly into the trade loop to eliminate redundant agent attribute storage and a final iteration loop.
15	2	7f21358	fail	68	2	7	0.3533	68	0.9699	6646	0.3417	0.6194	3.1147	FAIL	Uses a more compact candidate selection logic for movement and agent attribute names to reduce the footprint of the `step` method.
15	3	7f21358	fail	59	1	6	0.3533	68	0.9699	6646	0.3417	0.6194	3.1147	FAIL	Aggressive structural ablation: replaces the `Trader` class with a `SimpleNamespace` and collapses the main logic into a more dense procedural structure.
16	1	4181839	pass	70	2	7	0.3390	67	0.9650	5995	0.3367	0.5937	2.9967	PASS	Consolidated the agent lifecycle (movement, eating, and death) into a single loop and inlined the movement candidate selection logic to reduce method overhead.
16	2	4181839	fail	69	2	7	0.3532	68	0.9785	5940	0.3417	0.6169	3.0782	FAIL	Removed the redundant `self.agents` list and used the `self.occupancy` dictionary as the single source of truth for agent management, simplifying initialization and iteration.
16	3	4181839	pass	67	2	7	0.3390	67	0.9650	5995	0.3367	0.5937	2.9967	PASS	Achieved maximum structural density by using a highly compact `Trader` class and condensing the mathematical logic and agent updates into a single-pass approach within the `step` method.
17	1	c670718	pass	71	2	7	0.3390	67	0.9650	5995	0.3367	0.5937	2.9967	PASS	Simplified the `Trader` class with `__slots__`, removed redundant `s_max`/`sp_max` arrays by using the original map, and optimized the movement candidate selection to avoid redundant list traversals while preserving randomness.
17	2	c670718	pass	71	2	7	0.3390	67	0.9650	5995	0.3367	0.5937	2.9967	PASS	Consolidated the agent lifecycle (movement, eating, metabolism, and death) into a single streamlined loop and optimized the resource regrowth using NumPy's vectorized operations.
17	3	c670718	pass	69	2	7	0.3390	67	0.9650	5995	0.3367	0.5937	2.9967	PASS	Achieved maximum structural density by utilizing the walrus operator for movement candidate selection, condensing the `Trader` class into a single line, and flattening the `step` logic into a highly compact procedural structure.
18	1	c670718	fail	59	2	7	0.3477	67	0.9567	5585	0.3350	0.6081	3.1401	FAIL	Removed redundant resource limit arrays and converted the redundant `while True` trade loop into a single `if` statement to clean up the logic.
18	2	c670718	fail	54	2	7	0.3477	67	0.9567	5585	0.3350	0.6081	3.1401	FAIL	Refactored agent movement to use a single list comprehension and consolidated the agent's lifecycle (move, eat, die) into a more compact loop.
18	3	c670718	fail	44	2	7	0.3477	67	0.9567	5585	0.3350	0.6081	3.1401	FAIL	Maximum structural ablation: collapsed the `Trader` class into a one-line definition and used the walrus operator to condense the `step` method's logic.
19	1	c670718	crash	69	2	7	0.0000	0	0.0000	0	0.0000	0.0000	0.0000	FAIL	Simplified the `Trader` class using `__slots__`, removed redundant resource limit arrays, and streamlined the movement candidate selection to reduce line count and redundancy.
19	2	c670718	crash	63	2	7	0.0000	0	0.0000	0	0.0000	0.0000	0.0000	FAIL	Aggressively inlined the movement candidate selection using list comprehensions and merged the agent's life cycle (move, eat, metabolize) into a more compact logic block.
19	3	c670718	crash	54	2	7	0.0000	0	0.0000	0	0.0000	0.0000	0.0000	FAIL	Maximum structural ablation: collapsed the `Trader` class into a single-line definition and used the walrus operator to condense the movement and trade logic into a minimal footprint.
20	1	c670718	pass	67	2	7	0.3390	67	0.9650	5995	0.3367	0.5937	2.9967	PASS	Simplified resource management by removing redundant limit arrays and streamlined agent initialization.
20	2	c670718	pass	64	2	7	0.3390	67	0.9650	5995	0.3367	0.5937	2.9967	PASS	Optimized movement logic using walrus operators and consolidated agent lifecycle loops.
20	3	c670718	pass	58	2	7	0.3390	67	0.9650	5995	0.3367	0.5937	2.9967	PASS	Achieved maximum structural density by compressing the Trader class and inlining agent update logic.
21	1	88df8d3	pass	56	2	7	0.3390	67	0.9650	5995	0.3367	0.5937	2.9967	PASS	Consolidated resource management by removing redundant limit arrays and streamlined the `Trader` initialization.
21	2	88df8d3	pass	53	2	7	0.3390	67	0.9650	5995	0.3367	0.5937	2.9967	PASS	Collapsed the `Trader` class into a compact single-line definition and optimized the `step` method loop.
21	3	88df8d3	pass	52	2	7	0.3390	67	0.9650	5995	0.3367	0.5937	2.9967	PASS	Maximum structural ablation using walrus operators to condense movement and trade logic into a minimal footprint.
22	1	11e3c34	crash	52	2	7	0.0000	0	0.0000	0	0.0000	0.0000	0.0000	FAIL	Consolidated the agent lifecycle (movement, eating, metabolism, and death) into a single streamlined loop and simplified the movement tie-breaking logic.
22	2	11e3c34	crash	52	2	7	0.0000	0	0.0000	0	0.0000	0.0000	0.0000	FAIL	Streamlined the `Trader` class using `__slots__` and replaced the manual tie-breaking index selection with `self.rng.choice` for cleaner code.
22	3	11e3c34	crash	52	2	7	0.0000	0	0.0000	0	0.0000	0.0000	0.0000	FAIL	Achieved maximum structural density by using walrus operators to condense movement and trade logic into a highly compact procedural structure.
23	1	11e3c34	pass	54	2	7	0.3390	67	0.9650	5995	0.3367	0.5937	2.9967	PASS	Streamlined the agent lifecycle and movement selection by consolidating the tie-breaking logic and combining the eating and metabolism steps.
23	2	11e3c34	pass	48	2	7	0.3390	67	0.9650	5995	0.3367	0.5937	2.9967	PASS	Consolidated resource management and compressed the trade negotiation loop using more compact mathematical expressions.
23	3	11e3c34	pass	48	2	7	0.3390	67	0.9650	5995	0.3367	0.5937	2.9967	PASS	Achieved maximum density by using walrus operators to inline movement and trade logic and collapsing the `Trader` class.
24	1	67cc05d	pass	48	2	7	0.3390	67	0.9650	5995	0.3367	0.5937	2.9967	PASS	Simplified the agent lifecycle by consolidating movement, eating, and metabolism into a single loop and used a more compact `Trader` class definition.
24	2	67cc05d	pass	48	2	7	0.3390	67	0.9650	5995	0.3367	0.5937	2.9967	PASS	Consolidated the sugar and spice maps into a single 3D NumPy array to reduce attribute overhead and simplify resource regrowth logic.
24	3	67cc05d	fail	45	2	7	0.3471	68	0.9696	6065	0.3400	0.6071	3.0969	FAIL	Achieved maximum structural density by using the walrus operator to inline movement and trade logic, and collapsing the `Trader` class into a single-line definition.
25	1	67cc05d	pass	45	2	7	0.3390	67	0.9650	5995	0.3367	0.5937	2.9967	PASS	Compacted the `Trader` class into a single line and streamlined the agent lifecycle by combining eating and metabolism into a more concise update block.
25	2	67cc05d	pass	45	2	7	0.3390	67	0.9650	5995	0.3367	0.5937	2.9967	PASS	Consolidated the sugar and spice maps into a single 3D NumPy array, reducing the number of attributes and simplifying the resource regrowth logic.
25	3	67cc05d	pass	44	2	7	0.3390	67	0.9650	5995	0.3367	0.5937	2.9967	PASS	Maximum structural ablation using aggressive inlining, walrus operators, and minimizing the `Trader` class to its absolute minimum to achieve the highest possible code density.
26	1	ff23367	pass	44	2	7	0.3390	67	0.9650	5995	0.3367	0.5937	2.9967	PASS	Consolidates the four resource arrays (sugar, spice, sugar_max, spice_max) into two 3D NumPy arrays to simplify regrowth and resource access.
26	2	ff23367	pass	44	2	7	0.3390	67	0.9650	5995	0.3367	0.5937	2.9967	PASS	Combines the resource consolidation from Variant 1 with a metabolism tuple in the `Trader` class to reduce attribute overhead and simplify mathematical expressions.
26	3	ff23367	pass	44	2	7	0.3390	67	0.9650	5995	0.3367	0.5937	2.9967	PASS	The minimal viable model. Combines resource consolidation and metabolism tuples with aggressive inlining of the `step` method logic and a highly compressed `Trader` definition.
27	1	ff23367	pass	44	2	7	0.3390	67	0.9650	5995	0.3367	0.5937	2.9967	PASS	Consolidated the sugar and spice resource maps into a single 3D NumPy array to reduce attribute overhead and simplify resource regrowth.
27	2	ff23367	pass	44	2	7	0.3390	67	0.9650	5995	0.3367	0.5937	2.9967	PASS	Further compressed the model by grouping agent metabolism and position into tuples, reducing the number of individual attributes stored per agent.
27	3	ff23367	pass	44	2	7	0.3390	67	0.9650	5995	0.3367	0.5937	2.9967	PASS	The minimal viable model. Combines resource stacking, attribute compression, and aggressive inlining using walrus operators to achieve maximum code density while preserving all emergent metrics.
28	1	ff23367	pass	44	2	7	0.3390	67	0.9650	5995	0.3367	0.5937	2.9967	PASS	Consolidates the four resource arrays (sugar, spice, sugar\_max, spice\_max) into a single 4D NumPy array to simplify resource regrowth and access.
28	2	ff23367	crash	44	2	7	0.0000	0	0.0000	0	0.0000	0.0000	0.0000	FAIL	Compresses agent attributes by grouping metabolism and position into tuples, reducing the `Trader` class footprint and simplifying attribute management.
28	3	ff23367	pass	44	2	7	0.3390	67	0.9650	5995	0.3367	0.5937	2.9967	PASS	The most aggressive ablation, combining resource stacking, metabolism compression, and high-density walrus-operator inlining to achieve maximum code density.
29	1	ff23367	pass	47	2	7	0.3390	67	0.9650	5995	0.3367	0.5937	2.9967	PASS	Consolidates resource maps into 3D NumPy arrays and groups metabolism into a tuple to reduce attribute overhead.
29	2	ff23367	fail	45	2	7	0.3405	69	0.9558	6523	0.3450	0.5948	3.0454	FAIL	Uses walrus operators to condense the movement and trade logic into a more streamlined procedural flow.
29	3	ff23367	fail	43	1	6	0.3405	69	0.9558	6523	0.3450	0.5948	3.0454	FAIL	Maximum structural ablation using `SimpleNamespace` for agents and extreme inlining to reach minimum viable code.
30	1	ff23367	pass	44	2	7	0.3390	67	0.9650	5995	0.3367	0.5937	2.9967	PASS	Consolidated agent attributes into tuples and lists to reduce the `Trader` class footprint.
30	2	ff23367	pass	44	2	7	0.3390	67	0.9650	5995	0.3367	0.5937	2.9967	PASS	Stacked sugar and spice into 3D NumPy arrays to simplify resource management and regrowth.
30	3	ff23367	pass	44	2	7	0.3390	67	0.9650	5995	0.3367	0.5937	2.9967	PASS	Maximum ablation: combines attribute compression, resource stacking, and aggressive logic inlining.
31	1	ff23367	pass	42	2	7	0.3390	67	0.9650	5995	0.3367	0.5937	2.9967	PASS	Consolidates the four resource arrays (sugar, spice, sugar_max, spice_max) into two 3D NumPy arrays (current and max) to simplify regrowth and resource access logic.
31	2	ff23367	pass	42	2	7	0.3390	67	0.9650	5995	0.3367	0.5937	2.9967	PASS	Compresses agent attributes by grouping metabolism `(ms, mps)` and position `(x, y)` into tuples, reducing the `Trader` class footprint and attribute access overhead.
31	3	ff23367	pass	42	2	7	0.3390	67	0.9650	5995	0.3367	0.5937	2.9967	PASS	The most aggressive ablation: combines resource stacking (3D arrays), attribute compression (tuples), and high-density logic inlining with walrus operators to achieve maximum code density while preserving all emergent metrics.
32	1	a5dccc7	fail	41	2	6	0.3278	47	1.0810	5757	0.2367	0.5823	3.4711	FAIL	Removed the distance-based tie-breaking logic in movement and consolidated agent update statements to reduce line count.
32	2	a5dccc7	fail	40	2	6	0.3278	47	1.0810	5757	0.2367	0.5823	3.4711	FAIL	Consolidated resource regrowth and agent lifecycle into a single loop and streamlined neighbor searching in trade using a generator.
32	3	a5dccc7	fail	40	2	6	0.3278	47	1.0810	5757	0.2367	0.5823	3.4711	FAIL	Maximum structural ablation using a highly condensed `Trader` definition and aggressive inlining of the `step` method.
33	1	a5dccc7	crash	39	2	7	0.0000	0	0.0000	0	0.0000	0.0000	0.0000	FAIL	Consolidated resource management into 3D NumPy arrays and agent wealth/metabolism into 1D arrays to reduce attribute overhead and simplify the update logic.
33	2	a5dccc7	crash	38	2	7	0.0000	0	0.0000	0	0.0000	0.0000	0.0000	FAIL	Achieved extreme density by using walrus operators to inline the movement selection and the agent lifecycle, while collapsing the `Trader` class into a single-line definition.
33	3	a5dccc7	crash	38	2	7	0.0000	0	0.0000	0	0.0000	0.0000	0.0000	FAIL	The minimal viable model. Combines resource stacking, attribute compression, and extreme logic inlining to reach the highest possible code density while strictly maintaining the metabolic and trade-negotiation mechanics.
34	1	a5dccc7	fail	40	2	7	0.3533	68	0.9699	6646	0.3417	0.6194	3.1147	FAIL	Optimized movement tie-breaking using sorting and consolidated resource consumption.
34	2	a5dccc7	fail	41	2	7	0.3471	68	0.9696	6065	0.3400	0.6071	3.0969	FAIL	Compressed agent initialization and unified agent lifecycle loop.
34	3	a5dccc7	fail	39	2	7	0.3499	68	0.9896	6445	0.3400	0.6127	3.0806	FAIL	Maximum structural ablation using extreme inlining and condensed agent/resource management.
35	1	a5dccc7	fail	42	2	7	0.3444	59	1.0042	5492	0.2950	0.6029	3.5054	FAIL	Consolidated agent lifecycle (eating and metabolism) and simplified movement tie-breaking logic.
35	2	a5dccc7	fail	42	2	7	0.3444	59	1.0042	5492	0.2950	0.6029	3.5054	FAIL	Attribute compression using tuples for metabolism and position to reduce object overhead.
35	3	a5dccc7	fail	40	2	6	0.3579	60	0.9882	5974	0.3000	0.6279	3.5983	FAIL	Maximum structural ablation using single-line class definition, resource stacking, and heavy walrus-operator inlining.
36	1	a5dccc7	fail	42	2	7	0.3349	60	0.9749	5589	0.3000	0.5858	3.6246	FAIL	Simplified movement tie-breaking using `min()` with a key and grouped metabolism into a tuple to reduce attribute overhead.
36	2	a5dccc7	fail	42	2	7	0.3349	60	0.9749	5589	0.3000	0.5858	3.6246	FAIL	Compressed the `Trader` class into a single line and used list-based position/metabolism to further reduce attribute overhead.
36	3	a5dccc7	fail	42	2	7	0.3349	60	0.9749	5589	0.3000	0.5858	3.6246	FAIL	Achieved maximum density by collapsing the `Trader` class into a single line and using aggressive walrus-operator inlining for the agent lifecycle and movement.
37	1	a5dccc7	pass	42	2	7	0.3390	67	0.9650	5995	0.3367	0.5937	2.9967	PASS	Consolidate the sugar and spice resource maps (current and maximum) into a single 4D NumPy array and compress the `Trader` class into a single line.
37	2	a5dccc7	pass	42	2	7	0.3390	67	0.9650	5995	0.3367	0.5937	2.9967	PASS	Combines the resource consolidation from Variant 1 with attribute compression, grouping metabolism and position into tuples to reduce the `Trader` footprint.
37	3	a5dccc7	fail	40	2	7	0.3499	68	0.9896	6445	0.3400	0.6127	3.0806	FAIL	The ultimate ablation: combines resource stacking, attribute compression, and aggressive inlining of the agent lifecycle and movement logic into a highly condensed procedural structure.
38	1	a5dccc7	fail	41	2	7	0.3349	60	0.9749	5589	0.3000	0.5858	3.6246	FAIL	Simplified the `Trader` class by compressing metabolism and position into tuples and optimized the movement tie-breaking logic using a `max` key.
38	2	a5dccc7	fail	38	1	6	0.3349	60	0.9749	5589	0.3000	0.5858	3.6246	FAIL	Removed the `Trader` class entirely, representing agents as compact lists to reduce object overhead and lines of code.
38	3	a5dccc7	fail	38	1	6	0.3349	60	0.9749	5589	0.3000	0.5858	3.6246	FAIL	Maximum structural ablation: combines the list-based agent approach with aggressive walrus-operator inlining and condensed resource/agent management to achieve minimum viable code density.
39	1	a5dccc7	pass	43	2	7	0.3390	67	0.9650	5995	0.3367	0.5937	2.9967	PASS	Consolidates sugar and spice into a single 3D NumPy array and compacts the `Trader` class and agent lifecycle.
39	2	a5dccc7	pass	43	2	7	0.3390	67	0.9650	5995	0.3367	0.5937	2.9967	PASS	Further reduces complexity by grouping metabolism and position into tuples within the `Trader` class and updating the logic to use these compressed attributes.
39	3	a5dccc7	pass	41	2	7	0.3390	67	0.9650	5995	0.3367	0.5937	2.9967	PASS	The ultimate ablation. Combines 3D resources, attribute compression, a one-line `Trader` class, and aggressive inlining using walrus operators to reach maximum code density.
40	1	76ac345	fail	40	2	6	0.3349	60	0.9749	5589	0.3000	0.5858	3.6246	FAIL	Simplifies the movement tie-breaking logic using `max` with a key and removes redundant variable assignments and list filtrations.
40	2	76ac345	fail	40	2	6	0.3349	60	0.9749	5589	0.3000	0.5858	3.6246	FAIL	Groups agent metabolism and position into tuples and uses walrus operators to inline the agent lifecycle and resource consumption.
40	3	76ac345	fail	40	2	6	0.3349	60	0.9749	5589	0.3000	0.5858	3.6246	FAIL	The minimal viable model, using extreme inlining, single-line class definitions, and walrus operators to reach maximum density.
41	1	76ac345	pass	41	2	6	0.3390	67	0.9650	5995	0.3367	0.5937	2.9967	PASS	Consolidates sugar and spice into 3D NumPy arrays and groups agent metabolism into a tuple to reduce attribute overhead.
41	2	76ac345	pass	41	2	6	0.3390	67	0.9650	5995	0.3367	0.5937	2.9967	PASS	Implements aggressive attribute compression by grouping wealth into a list and inlining resource consumption and death checks into single-line updates.
41	3	76ac345	pass	41	2	6	0.3390	67	0.9650	5995	0.3367	0.5937	2.9967	PASS	Maximum structural ablation: combines resource stacking, attribute compression, and aggressive inlining using walrus operators to achieve minimal code density while preserving all emergent metrics.
42	1	0f26c4c	pass	41	2	6	0.3390	67	0.9650	5995	0.3367	0.5937	2.9967	PASS	Compressed the `Trader` class into a single line and streamlined the model initialization and agent attribute management.
42	2	0f26c4c	fail	41	2	6	0.3349	60	0.9749	5589	0.3000	0.5858	3.6246	FAIL	Simplified the movement selection logic by using a single `max` call with a composite key to handle utility and distance tie-breaking more concisely.
42	3	0f26c4c	fail	41	2	6	0.3349	60	0.9749	5589	0.3000	0.5858	3.6246	FAIL	Aggressively inlined the agent lifecycle and resource consumption using star-unpacking and simplified the `step` method to reduce line count while maintaining core mechanics.
43	1	0f26c4c	fail	41	2	6	0.3349	60	0.9749	5589	0.3000	0.5858	3.6246	FAIL	Consolidates movement tie-breaking using a composite key to replace the multi-line selection logic.
43	2	0f26c4c	fail	41	2	6	0.3349	60	0.9749	5589	0.3000	0.5858	3.6246	FAIL	Streamlines the agent lifecycle by using star-unpacking for resource consumption and inlining metabolism/death checks.
43	3	0f26c4c	fail	41	2	6	0.3349	60	0.9749	5589	0.3000	0.5858	3.6246	FAIL	Maximum ablation: uses a highly compressed single-line `Trader` definition and aggressive walrus-operator inlining for the entire agent step.
44	1	0f26c4c	pass	41	2	6	0.3390	67	0.9650	5995	0.3367	0.5937	2.9967	PASS	Consolidated resource management into 3D NumPy arrays and compressed the `Trader` class to a single line to reduce object overhead.
44	2	0f26c4c	fail	41	2	6	0.3349	60	0.9749	5589	0.3000	0.5858	3.6246	FAIL	Simplified movement selection using a composite key in `max()` to handle utility and distance tie-breaking in a single pass, and streamlined the agent lifecycle.
44	3	0f26c4c	fail	41	2	6	0.3349	60	0.9749	5589	0.3000	0.5858	3.6246	FAIL	The most aggressive ablation: uses extreme walrus-operator inlining to collapse the agent lifecycle and movement logic into a highly condensed procedural flow.
45	1	0f26c4c	fail	41	2	6	0.3419	69	0.9886	5978	0.3433	0.5978	3.1070	FAIL	Consolidated resource maps into 3D NumPy arrays and replaced the multi-step movement tie-breaking logic with a single `max` call using a randomized key.
45	2	0f26c4c	fail	41	2	6	0.3402	69	0.9635	7925	0.3450	0.5943	2.6822	FAIL	Optimized the agent update cycle by using list comprehension for wealth/metabolism updates and streamlined the agent lifecycle.
45	3	0f26c4c	fail	41	2	6	0.3379	68	0.9574	6133	0.3383	0.5917	2.9708	FAIL	Maximum structural ablation by inlining the agent lifecycle and resource consumption into a single procedural flow, reducing the number of operations per step.
46	1	0f26c4c	fail	41	2	6	0.3349	60	0.9749	5589	0.3000	0.5858	3.6246	FAIL	Simplified resource management using a 3D NumPy array and replaced complex tie-breaking logic with a sorted key.
46	2	0f26c4c	fail	41	2	6	0.3349	60	0.9749	5589	0.3000	0.5858	3.6246	FAIL	Compressed agent attributes into tuples/lists and unified the resource consumption and death check into a single procedural block.
46	3	0f26c4c	fail	41	2	6	0.3349	60	0.9749	5589	0.3000	0.5858	3.6246	FAIL	Maximum structural ablation: combines a single-line `Trader` class, resource stacking, and aggressive inlining of the agent lifecycle and movement.
47	1	0f26c4c	pass	41	2	6	0.3390	67	0.9650	5995	0.3367	0.5937	2.9967	PASS	Consolidates the sugar and spice resource maps into a single 3D NumPy array and uses a more compact `Trader` class.
47	2	0f26c4c	pass	41	2	6	0.3390	67	0.9650	5995	0.3367	0.5937	2.9967	PASS	Implements attribute compression by grouping metabolism and position into tuples, and streamlines the resource consumption/death check.
47	3	0f26c4c	fail	41	2	6	0.3569	55	1.0453	6984	0.2750	0.6272	3.4743	FAIL	Maximum structural ablation using extreme inlining of the agent lifecycle and movement logic via the walrus operator.
48	1	0f26c4c	fail	42	2	6	0.3349	60	0.9749	5589	0.3000	0.5858	3.6246	FAIL	Optimizes the movement selection by replacing the multi-line utility and distance tie-breaking logic with a single `max()` call using a composite key.
48	2	0f26c4c	pass	42	2	6	0.3390	67	0.9650	5995	0.3367	0.5937	2.9967	PASS	Streamlines the agent lifecycle by consolidating resource consumption, metabolism, and death checks into a single procedural block using `any()`.
48	3	0f26c4c	fail	42	2	6	0.3349	60	0.9749	5589	0.3000	0.5858	3.6246	FAIL	The most aggressive ablation: combines movement optimization, lifecycle consolidation, and attribute streamlining to achieve maximum code density.
49	1	0f26c4c	fail	41	2	6	0.3349	60	0.9749	5589	0.3000	0.5858	3.6246	FAIL	Simplified movement tie-breaking using a composite key in `max()` and streamlined the agent lifecycle using `any()` for death checks.
49	2	0f26c4c	fail	38	1	5	0.3349	60	0.9749	5589	0.3000	0.5858	3.6246	FAIL	Removed the `Trader` class entirely, representing agents as dictionaries to reduce object overhead and lines of code.
49	3	0f26c4c	fail	38	1	5	0.3349	60	0.9749	5589	0.3000	0.5858	3.6246	FAIL	Maximum structural ablation: combines dictionary-based agents, simplified movement selection, and streamlined agent lifecycle logic to achieve minimal code density.
50	1	0f26c4c	crash	41	2	6	0.0000	0	0.0000	0	0.0000	0.0000	0.0000	FAIL	Consolidated resource depletion and agent death checks to reduce redundant operations and lines of code.
50	2	0f26c4c	crash	41	2	6	0.0000	0	0.0000	0	0.0000	0.0000	0.0000	FAIL	Compacted the `Trader` class and streamlined agent initialization by passing attributes directly.
50	3	0f26c4c	crash	41	2	6	0.0000	0	0.0000	0	0.0000	0.0000	0.0000	FAIL	Maximum structural ablation: combines resource consolidation, compact trader initialization, and streamlined agent lifecycle.
51	1	0f26c4c	pass	40	2	6	0.3399	67	0.9891	6075	0.3333	0.5938	3.0086	PASS	Simplified resource management by stacking sugar and spice into a 3D NumPy array and streamlined the movement selection using `max()` with a composite key and randomized tie-breaking.
51	2	0f26c4c	pass	40	2	6	0.3399	67	0.9891	6075	0.3333	0.5938	3.0086	PASS	Combined resource updates using `zip` to iterate over wealth, resources, and metabolism simultaneously, reducing the manual indexing in the agent lifecycle.
51	3	0f26c4c	pass	40	2	6	0.3399	67	0.9891	6075	0.3333	0.5938	3.0086	PASS	Achieved maximum structural ablation by combining 3D resource stacking, `zip`-based metabolism updates, and aggressive inlining of the agent lifecycle and death checks.
52	1	c1ea2e7	fail	38	2	6	0.3185	62	0.9579	5925	0.3100	0.5588	3.1169	FAIL	Consolidates resource consumption and metabolism updates using `zip` and streamlines the agent lifecycle check.
52	2	c1ea2e7	fail	38	2	6	0.3185	62	0.9579	5925	0.3100	0.5588	3.1169	FAIL	Implements a single-line `Trader` class and refactors the agent initialization and movement logic for brevity.
52	3	c1ea2e7	fail	38	2	6	0.3185	62	0.9579	5925	0.3100	0.5588	3.1169	FAIL	Maximum structural ablation using extreme inlining and walrus-operator-heavy procedural logic to reach minimum code density.
53	1	c1ea2e7	pass	40	2	6	0.3399	67	0.9891	6075	0.3333	0.5938	3.0086	PASS	Consolidates sugar and spice into a 3D NumPy array and streamlines the `Trader` initialization.
53	2	c1ea2e7	pass	40	2	6	0.3399	67	0.9891	6075	0.3333	0.5938	3.0086	PASS	Inlines agent metabolic consumption and death checks into the movement logic to reduce the number of operations per step.
53	3	c1ea2e7	pass	40	2	6	0.3399	67	0.9891	6075	0.3333	0.5938	3.0086	PASS	Maximum structural ablation using aggressive inlining, 3D resource stacking, and condensed agent attribute management.
54	1	c1ea2e7	pass	40	2	6	0.3399	67	0.9891	6075	0.3333	0.5938	3.0086	PASS	Consolidates sugar and spice into a 3D NumPy array and uses `zip` to streamline metabolism and resource consumption.
54	2	c1ea2e7	pass	40	2	6	0.3399	67	0.9891	6075	0.3333	0.5938	3.0086	PASS	Implements attribute compression by grouping metabolism and position into tuples and uses a more concise movement selection logic.
54	3	c1ea2e7	crash	38	2	5	0.0000	0	0.0000	0	0.0000	0.0000	0.0000	FAIL	Maximum structural ablation using a single-line `Trader` definition and aggressive inlining of the agent lifecycle and resource updates.
55	1	c1ea2e7	fail	41	2	6	0.3349	60	0.9749	5589	0.3000	0.5858	3.6246	FAIL	Streamlines the agent lifecycle by using `zip` for metabolic updates and `any()` for death checks, while also compressing the `Trader` class.
55	2	c1ea2e7	fail	40	2	6	0.3349	60	0.9749	5589	0.3000	0.5858	3.6246	FAIL	Further reduces complexity by inlining the agent's position update and optimizing the movement selection logic using walrus operators.
55	3	c1ea2e7	fail	40	2	6	0.3349	60	0.9749	5589	0.3000	0.5858	3.6246	FAIL	Maximum structural ablation: aggressively compresses the `Trader` class and uses a condensed procedural flow for the agent lifecycle.
56	1	c1ea2e7	pass	40	2	6	0.3399	67	0.9891	6075	0.3333	0.5938	3.0086	PASS	Consolidates sugar and spice into a 3D NumPy array and uses a more compact `Trader` class to reduce attribute overhead.
56	2	c1ea2e7	pass	40	2	6	0.3399	67	0.9891	6075	0.3333	0.5938	3.0086	PASS	Streamlines the agent lifecycle by using `any()` for death checks and a more concise movement selection logic.
56	3	c1ea2e7	pass	40	2	6	0.3399	67	0.9891	6075	0.3333	0.5938	3.0086	PASS	Maximum structural ablation using extreme inlining and walrus operators to collapse the agent lifecycle and movement logic.
57	1	c1ea2e7	fail	40	2	6	0.3349	60	0.9749	5589	0.3000	0.5858	3.6246	FAIL	Consolidates sugar and spice into a 3D NumPy array and streamlines the agent metabolic update and resource consumption using a loop.
57	2	c1ea2e7	fail	40	2	6	0.3349	60	0.9749	5589	0.3000	0.5858	3.6246	FAIL	Streamlines the agent lifecycle by using `any()` for death checks and optimizes the movement selection using a single `max` call with a default.
57	3	c1ea2e7	crash	38	2	5	0.0000	0	0.0000	0	0.0000	0.0000	0.0000	FAIL	Maximum structural ablation using aggressive inlining with walrus operators and a single-line class definition.
58	1	c1ea2e7	crash	40	2	6	0.0000	0	0.0000	0	0.0000	0.0000	0.0000	FAIL	Consolidates resource management using a 3D NumPy array and streamlines metabolic consumption with a loop and coordinate unpacking.
58	2	c1ea2e7	crash	41	2	6	0.0000	0	0.0000	0	0.0000	0.0000	0.0000	FAIL	Implements attribute compression for the `Trader` class and uses `zip` to unify wealth, metabolism, and resource updates in a single procedural pass.
58	3	c1ea2e7	crash	40	2	6	0.0000	0	0.0000	0	0.0000	0.0000	0.0000	FAIL	Performs maximum structural ablation by combining the `Trader` class into a more compact form and using `zip` and `any` to collapse the agent lifecycle and resource consumption into a single procedural flow.
59	1	c1ea2e7	pass	40	2	6	0.3399	67	0.9891	6075	0.3333	0.5938	3.0086	PASS	Consolidates resource consumption and metabolic updates using a loop and simplifies resource depletion to reduce redundant indexing.
59	2	c1ea2e7	crash	40	2	6	0.0000	0	0.0000	0	0.0000	0.0000	0.0000	FAIL	Optimizes movement selection using a generator expression and a single `max` call with a negative distance key to replace the explicit tie-breaking logic.
59	3	c1ea2e7	fail	41	2	6	0.3606	68	1.0121	5421	0.3400	0.6443	2.9110	FAIL	Maximum structural ablation using a unified utility function, generator-based movement, and condensed trade negotiation logic.
60	1	c1ea2e7	pass	40	2	6	0.3399	67	0.9891	6075	0.3333	0.5938	3.0086	PASS	Consolidates resource and metabolism updates using `zip` and slice-based resource depletion.
60	2	c1ea2e7	pass	40	2	6	0.3399	67	0.9891	6075	0.3333	0.5938	3.0086	PASS	Streamlines the agent lifecycle by combining metabolism and death checks into a single procedural block.
60	3	c1ea2e7	pass	40	2	6	0.3399	67	0.9891	6075	0.3333	0.5938	3.0086	PASS	Minimalist structural ablation by reducing method overhead and inlining resource depletion.
61	1	c1ea2e7	crash	40	2	6	0.0000	0	0.0000	0	0.0000	0.0000	0.0000	FAIL	Consolidates resource consumption and metabolism updates using a loop and uses slicing for resource depletion.
61	2	c1ea2e7	crash	40	2	6	0.0000	0	0.0000	0	0.0000	0.0000	0.0000	FAIL	Streamlines the movement tie-breaking logic and uses a more compact range-based loop for trade visibility.
61	3	c1ea2e7	crash	40	2	6	0.0000	0	0.0000	0	0.0000	0.0000	0.0000	FAIL	Maximum structural ablation using extreme inlining and walrus operators to collapse the agent lifecycle and movement.
62	1	c1ea2e7	fail	40	2	6	0.3678	67	0.9961	5674	0.3333	0.6498	2.9056	FAIL	Consolidates sugar and spice into a 3D NumPy array and simplifies movement tie-breaking using a composite tuple in `max()`.
62	2	c1ea2e7	fail	40	2	6	0.3678	67	0.9961	5674	0.3333	0.6498	2.9056	FAIL	Streamlines the agent lifecycle by using `any()` for death checks and a more compact resource consumption loop.
62	3	c1ea2e7	fail	41	2	6	0.3678	67	0.9961	5674	0.3333	0.6498	2.9056	FAIL	Minimalist version using a generator for movement selection and a more compact agent initialization.
63	1	c1ea2e7	pass	40	2	6	0.3399	67	0.9891	6075	0.3333	0.5938	3.0086	PASS	Simplified agent attribute initialization and consolidated resource/metabolism updates using loops and `any()`.
63	2	c1ea2e7	pass	40	2	6	0.3399	67	0.9891	6075	0.3333	0.5938	3.0086	PASS	Optimized movement candidate selection using a single list comprehension and compacting the `Trader` class.
63	3	c1ea2e7	pass	40	2	6	0.3399	67	0.9891	6075	0.3333	0.5938	3.0086	PASS	Maximum structural ablation using extreme inlining of the agent lifecycle and aggressive resource management simplification.
64	1	c1ea2e7	fail	40	2	6	0.3678	67	0.9961	5674	0.3333	0.6498	2.9056	FAIL	Streamlined the agent lifecycle and movement selection by using a composite key for tie-breaking and NumPy slicing for resource consumption.
64	2	c1ea2e7	crash	40	2	6	0.0000	0	0.0000	0	0.0000	0.0000	0.0000	FAIL	Implements attribute compression by storing wealth and metabolism as NumPy arrays, enabling vectorized resource updates.
64	3	c1ea2e7	crash	40	2	6	0.0000	0	0.0000	0	0.0000	0.0000	0.0000	FAIL	Maximum structural ablation using extreme inlining of the agent lifecycle, movement, and metabolism into a single procedural block.
66	1	c1ea2e7	pass	40	2	6	0.3399	67	0.9891	6075	0.3333	0.5938	3.0086	PASS	Simplified resource consumption and metabolism updates using a loop to handle both sugar and spice simultaneously.
66	2	c1ea2e7	fail	40	2	6	0.3678	67	0.9961	5674	0.3333	0.6498	2.9056	FAIL	Optimized movement selection by using a composite key with negative distance to allow a single `max()` call without a custom lambda.
66	3	c1ea2e7	fail	40	2	6	0.3678	67	0.9961	5674	0.3333	0.6498	2.9056	FAIL	Consolidated agent lifecycle by combining metabolism, resource depletion, and death checks into a single compact block using `any()`.
67	1	c1ea2e7	crash	37	2	6	0.0000	0	0.0000	0	0.0000	0.0000	0.0000	FAIL	Consolidated resource management using a 3D NumPy array and simplified agent metabolic updates using NumPy array arithmetic.
67	2	c1ea2e7	crash	37	2	6	0.0000	0	0.0000	0	0.0000	0.0000	0.0000	FAIL	Streamlined the agent lifecycle by consolidating the metabolic update and death check into a single conditional block and optimizing the `living` agent iteration.
67	3	c1ea2e7	crash	37	2	6	0.0000	0	0.0000	0	0.0000	0.0000	0.0000	FAIL	Maximum structural ablation: extreme inlining of the `Trader` initialization, resource management, and agent lifecycle into the most compact procedural flow possible.
68	1	c1ea2e7	crash	39	2	6	0.0000	0	0.0000	0	0.0000	0.0000	0.0000	FAIL	Uses NumPy arrays for agent wealth and metabolism, enabling vectorized resource consumption and death checks to reduce metabolic logic overhead.
68	2	c1ea2e7	crash	38	2	6	0.0000	0	0.0000	0	0.0000	0.0000	0.0000	FAIL	Streamlines movement and trade loops using generator expressions and reduces the `Trader` class to a single line for maximum density.
68	3	c1ea2e7	crash	38	2	6	0.0000	0	0.0000	0	0.0000	0.0000	0.0000	FAIL	Maximum structural ablation: uses aggressive inlining with walrus operators and collapses the agent lifecycle and resource management into a highly condensed procedural flow.
69	1	c1ea2e7	pass	38	2	6	0.3399	67	0.9891	6075	0.3333	0.5938	3.0086	PASS	Removed redundant `if not a.al` checks and condensed the `Trader` class and movement selection logic.
69	2	c1ea2e7	pass	37	2	6	0.3399	67	0.9891	6075	0.3333	0.5938	3.0086	PASS	Consolidated the agent lifecycle and optimized the neighbor search in the trade loop using a list comprehension.
69	3	c1ea2e7	pass	37	2	6	0.3399	67	0.9891	6075	0.3333	0.5938	3.0086	PASS	Maximum structural ablation: extreme inlining of the agent lifecycle and trade negotiation logic.
70	1	8476f55	pass	37	2	6	0.3399	67	0.9891	6075	0.3333	0.5938	3.0086	PASS	Consolidated the `Trader` class into a single line and merged the metabolic update and death check into a more compact loop.
70	2	8476f55	pass	37	2	6	0.3399	67	0.9891	6075	0.3333	0.5938	3.0086	PASS	Simplified movement and resource management using `*` unpacking and condensed agent lifecycle logic.
70	3	8476f55	pass	37	2	6	0.3399	67	0.9891	6075	0.3333	0.5938	3.0086	PASS	Maximum structural ablation using extreme inlining and semicolon-delimited logic to minimize line count.
71	1	8476f55	pass	37	2	6	0.3399	67	0.9891	6075	0.3333	0.5938	3.0086	PASS	Consolidates metabolic updates and death checks using NumPy array arithmetic for both wealth and metabolism.
71	2	8476f55	fail	43	2	6	0.3537	71	0.9643	6726	0.3550	0.6206	2.9566	FAIL	Streamlines the neighbor search in both movement and trade loops to reduce nested logic complexity.
71	3	8476f55	pass	37	2	6	0.3399	67	0.9891	6075	0.3333	0.5938	3.0086	PASS	Maximum structural ablation using extreme inlining of the agent lifecycle and condensed trade negotiation logic.
72	1	8476f55	fail	37	2	6	0.3349	60	0.9749	5589	0.3000	0.5858	3.6246	FAIL	Consolidates the agent lifecycle by merging metabolic updates, resource consumption, and death checks into a single loop and uses a more compact `Trader` class.
72	2	8476f55	fail	37	2	6	0.3349	60	0.9749	5589	0.3000	0.5858	3.6246	FAIL	Streamlines algorithmic complexity by replacing `sum()` calls with direct indexing and simplifying the movement candidate selection and trade neighbor search.
72	3	8476f55	fail	37	2	6	0.3349	60	0.9749	5589	0.3000	0.5858	3.6246	FAIL	Maximum structural ablation using extreme inlining of the agent lifecycle, trade negotiation, and resource management into a highly condensed procedural flow.
